<configs>

	<append xpath="/lootcontainers/lootcontainer[@id='6']">
		<item name="Lockpick" count="1" prob="0.05"/>
	</append>

	<append xpath="/lootcontainers/lootcontainer[@id='8']">
		<item name="Lockpick" count="1" prob="0.05"/>
	</append>

	<append xpath="/lootcontainers/lootcontainer[@id='9']">
		<item name="Lockpick" count="1" prob="0.05"/>
	</append>

	<append xpath="/lootcontainers/lootcontainer[@id='43']">
		<item name="Lockpick" count="1" prob="0.05"/>
	</append>

	<append xpath="/lootcontainers/lootcontainer[@id='44']">
		<item name="Lockpick" count="1" prob="0.05"/>
	</append>

	<append xpath="/lootcontainers/lootcontainer[@id='48']">
		<item name="Lockpick" count="1" prob="0.05"/>
	</append>

</configs>